country,riesgo_encoded,riesgo_categoria,SuicideRate_BothSexes_RatePer100k_2021_norm,SuicideRate_Male_RatePer100k_2021_norm,SuicideRate_Female_RatePer100k_2021_norm,gender_ratio_2021_norm,avg_rate_3y_norm,tendencia_absoluta_norm,tendencia_porcentual_norm
India,2,Alto,0.21329027872195785,0.16927022615994405,0.36254295532646047,0.015634201810728027,0.20099997282682533,0.9069847856154909,0.1105998705999838
China,1,Medio,0.14259007477906185,0.11028211704359993,0.25189003436426116,0.010511012478744253,0.13034971875764248,0.9145919778699861,0.12149559146279573
United States,2,Alto,0.2459211420802175,0.26754488225693634,0.21855670103092786,0.22795257889815201,0.24132496399554362,0.8813969571230981,0.09707455899616567
Indonesia,0,Bajo,0.01461590754588715,0.0120074609466076,0.025773195876288665,0.07980991685182975,0.018341892883345555,0.8829529737206085,0.0622220225526753
Pakistan,1,Medio,0.08565601631543168,0.08486826766145956,0.09450171821305842,0.1450833918442475,0.09937229966576996,0.8428423236514522,0.05833873030022951
Nigeria,0,Bajo,0.05931339225016994,0.07041268360923293,0.043298969072164954,0.3260158868957099,0.05296051737724519,0.9094052558782848,0.13310571004986743
Brazil,1,Medio,0.11896668932698846,0.13161576124970858,0.10309278350515463,0.24314039521754988,0.10926333523545556,0.9113070539419086,0.1208929656201595
Bangladesh,0,Bajo,0.049116247450713794,0.04663091629750525,0.06563573883161512,0.10314117687887187,0.04752588244884649,0.8955739972337482,0.10297687057649318
Russia,2,Alto,0.3963290278721958,0.4737701095826533,0.28728522336769763,0.3456166235978832,0.3865384092823565,0.8788035961272475,0.09878559350808276
Ethiopia,1,Medio,0.0916043507817811,0.0958265329913733,0.088659793814433,0.19290300366264246,0.08350316567484578,0.9094052558782848,0.12288163090085906
Mexico,1,Medio,0.10299116247450714,0.12042434133830732,0.07147766323024055,0.3463030250522207,0.08991603489035625,0.9227178423236514,0.14242617147865563
Japan,2,Alto,0.2836505778382053,0.280018652366519,0.3374570446735395,0.11740819227103746,0.2607266106899269,0.933609958506224,0.12278091523234927
Egypt,0,Bajo,0.00390890550645819,0.0034973187223128945,0.0068728522336769775,0.1632533337277844,0.01470068748131844,0.8616874135546334,0.016433802057594676
Philippines,0,Bajo,0.0508157715839565,0.056656563301468885,0.03917525773195877,0.2836949545600597,0.03931958370696449,0.9232365145228215,0.19830589465343945
DR Congo,1,Medio,0.12474507138001358,0.1306831429237585,0.11924398625429554,0.19510639516270645,0.11181761365180294,0.9206431535269709,0.13204117335064197
Vietnam,1,Medio,0.12287559483344664,0.11412916763814412,0.1639175257731959,0.08556114667564918,0.11524143365669413,0.9049100968188104,0.11302933644817825
Iran,0,Bajo,0.060503059143439834,0.06155280951270693,0.06391752577319589,0.16625263001613683,0.06301459199478275,0.8812240663900415,0.08220356847878299
Turkey,0,Bajo,0.05200543847722638,0.05642340871998135,0.04639175257731959,0.230427058266921,0.04203690117116382,0.9209889349930843,0.18329664405409046
Germany,2,Alto,0.19595513256288238,0.20657495919794824,0.1879725085910653,0.194042042338895,0.18947854677862017,0.896265560165975,0.10415518414584836
Thailand,2,Alto,0.19068660774983004,0.22056423408719986,0.14226804123711342,0.3161441955826945,0.16534876769652998,0.951417704011065,0.15207740280744456
United Kingdom,1,Medio,0.13069340584636302,0.13989274889251574,0.12474226804123713,0.20166462863815937,0.12138257112578461,0.9059474412171507,0.11357772506754485
Tanzania,0,Bajo,0.08293677770224338,0.08999766845418514,0.07869415807560137,0.20972407910407603,0.07219912502377653,0.9196058091286307,0.14582238488325078
France,2,Alto,0.21991842284160434,0.24283049661925862,0.19312714776632306,0.23720024634534764,0.2144778674492541,0.8947095435684647,0.10328211158359002
South Africa,2,Alto,0.24677090414683892,0.2840988575425507,0.17731958762886602,0.3310193468762795,0.2802912964321622,0.7543222683264177,0.057959821176803455
Italy,1,Medio,0.09619306594153638,0.1071345301935183,0.08316151202749142,0.24642960157977645,0.0925790060052716,0.8915975103734439,0.09892225381918297
Kenya,1,Medio,0.10265125764785861,0.10899976684541852,0.09828178694158077,0.199575603114578,0.09475285997663106,0.9085408022130013,0.11963773724976967
Myanmar,0,Bajo,0.047416723317471106,0.05688971788295641,0.03298969072164949,0.34370669182700925,0.04187386212331187,0.9076763485477177,0.1345631600391008
Colombia,1,Medio,0.10129163834126445,0.11552809512706927,0.07800687285223368,0.2954743388625645,0.08198146789489417,0.9451936376210235,0.2002301575507919
South Korea,2,Alto,0.42539089055064583,0.41711354628118447,0.49072164948453606,0.12178515157771141,0.4223526534605039,0.8478561549100967,0.09116293652885592
Sudan,0,Bajo,0.05948334466349422,0.04931219398461181,0.09656357388316152,0.044177099742618325,0.05486263960218474,0.9043914246196403,0.12073176787154102
Uganda,1,Medio,0.08599592114208023,0.10037304733038005,0.05876288659793815,0.3496703040426561,0.0760577158229396,0.9175311203319502,0.1396523536156357
Spain,1,Medio,0.11811692726036711,0.12450454651433901,0.11958762886597939,0.18057801246050548,0.11225238444607484,0.8966113416320884,0.10456240376721979
Algeria,0,Bajo,0.0336505778382053,0.02821170435999068,0.05498281786941581,0.05931830293140716,0.03095024591723051,0.9005878284923927,0.117784267038052
Iraq,0,Bajo,0.061692726036709715,0.0626020051294008,0.06254295532646048,0.1759002868654635,0.0550256786500367,0.9100968188105116,0.1337661170762388
Argentina,1,Medio,0.16468388851121687,0.18780601538820238,0.12680412371134023,0.29724599200743534,0.14975136545202578,0.9318810511756569,0.13659643290354462
Afghanistan,0,Bajo,0.047926580557443914,0.03474003264164142,0.09312714776632303,0.009297701265192776,0.048938887530230166,0.8874481327800829,0.087940312441446
Yemen,0,Bajo,0.04724677090414684,0.04021916530659828,0.07422680412371134,0.05808670671667776,0.057579957066384066,0.8573651452282157,0.05303705126636106
Canada,2,Alto,0.19935418082936776,0.2127535556073677,0.1879725085910653,0.20300404561431712,0.1892611613814842,0.9083679114799446,0.11199507188484412
Poland,2,Alto,0.24422161794697486,0.304150151550478,0.11993127147766323,0.5764760237990589,0.2137713649085623,0.962655601659751,0.1490489876422662
Morocco,0,Bajo,0.04928619986403807,0.036138960130566576,0.09518900343642611,0.01047602429372041,0.06643841199967393,0.835235131396957,0.03947466942210641
Angola,1,Medio,0.1048606390210741,0.11774306365120074,0.08831615120274915,0.2579243753308692,0.09578544061302682,0.9107883817427386,0.12245258687036889
Ukraine,2,Alto,0.3805234534330388,0.46887386337141523,0.24501718213058424,0.41810008964039685,0.35512621939621214,0.9232365145228215,0.11364816229140771
Uzbekistan,1,Medio,0.1390210740992522,0.12951737001632083,0.18384879725085915,0.08668445579858436,0.12909975272411076,0.9126901798063624,0.11989756952244036
Malaysia,0,Bajo,0.07460910944935419,0.07950571228724646,0.06288659793814433,0.24090421377552962,0.07116654438738078,0.8869294605809128,0.09176654741665699
Mozambique,1,Medio,0.1444595513256288,0.17113546281184427,0.0986254295532646,0.3625987555706782,0.16301187467731854,0.8214038727524204,0.062092530978877
Ghana,1,Medio,0.08327668252889191,0.09361156446724181,0.07010309278350516,0.25846917715802187,0.0855139805983533,0.8801867219917012,0.08563645348765973
Peru,0,Bajo,0.036029911624745066,0.03695500116577291,0.038831615120274915,0.17124977249673085,0.034482758620689655,0.8978215767634854,0.10876499393503751
Saudi Arabia,1,Medio,0.12049626104690687,0.11389601305665656,0.11168384879725086,0.17540117079046846,0.10545909078557648,0.9284232365145227,0.14521317220000898
Madagascar,1,Medio,0.09398368456832087,0.09174632781534159,0.11477663230240552,0.11703208520728065,0.0855139805983533,0.9100968188105116,0.1234997896662841
Ivory Coast,1,Medio,0.1065601631543168,0.12054091862905106,0.06804123711340206,0.36742610173489704,0.11279584793891471,0.8641078838174273,0.07659267732128046
Nepal,2,Alto,0.20887151597552686,0.19911401259034744,0.27731958762886594,0.08730690862916746,0.17779408168256297,0.9664591977869985,0.16377794749689262
Cameroon,1,Medio,0.10842963970088376,0.1185591046864071,0.09175257731958764,0.2473124722013479,0.11431754571886633,0.864280774550484,0.07704449136678795
Venezuela,1,Medio,0.12457511896668931,0.1517836325483796,0.0725085910652921,0.44933249029648853,0.08665525393331704,0.9999999999999999,0.4820522036030369
Niger,0,Bajo,0.04707681849082256,0.03986943343436699,0.07628865979381444,0.052552972957679744,0.05497133230075271,0.8658367911479944,0.060436016129155286
Australia,2,Alto,0.2053025152957172,0.21706691536488695,0.19862542955326462,0.19218979116541213,0.19513056710415475,0.9023167358229598,0.10785174536142682
North Korea,2,Alto,0.1716519374575119,0.12905106085334578,0.3168384879725086,0.0,0.15665335181109208,0.9216804979253111,0.124843596613562
Syria,0,Bajo,0.001869476546566962,0.0030310095593378394,0.0030927835051546403,0.23470274225031673,0.007907393820820088,0.8769017980636237,0.030742620962307385
Mali,0,Bajo,0.056254248810333106,0.04733038004196784,0.09140893470790379,0.04717441446505341,0.05437352245862884,0.8959197786998616,0.1037256511205662
Burkina Faso,1,Medio,0.0982324949014276,0.10783399393798089,0.09037800687285225,0.2217671759182983,0.09964403141218989,0.8798409405255877,0.0874935980951525
Taiwan,2,Alto,0.2593473827328348,0.24154814642107716,0.34329896907216495,0.08210450651638826,0.2474932746392761,0.8975622406639003,0.10475146240305419
Sri Lanka,2,Alto,0.26325628823929303,0.29459081370948936,0.22268041237113406,0.2550818790295832,0.23262954811010567,0.935338865836791,0.12546385731614176
Malawi,1,Medio,0.1279741672331747,0.14758685008160413,0.09450171821305842,0.31718601038901645,0.10736121301051602,0.9464038727524204,0.1752250026206628
Zambia,1,Medio,0.12542488103331068,0.14269060387036606,0.09243986254295533,0.3123651428182866,0.11638270699165783,0.9109612724757952,0.11960807603142826
Kazakhstan,2,Alto,0.296057104010877,0.34716717183492657,0.20240549828178697,0.3624485928689278,0.27991087198717424,0.9064661134163208,0.10855057606933251
Chad,0,Bajo,0.07902787219578518,0.0781067847983213,0.09278350515463918,0.13073084385408268,0.08122061900491835,0.8793222683264176,0.08402921290264609
Chile,1,Medio,0.1670632222977566,0.1935183026346468,0.11546391752577322,0.3484289268906381,0.15051221434200157,0.9239280774550483,0.1276756967219252
Romania,1,Medio,0.16961250849762066,0.20237817673117278,0.10652920962199312,0.4064832962302805,0.15616423466753618,0.9144190871369294,0.11848143899166468
Somalia,1,Medio,0.08497620666213461,0.06913033341105154,0.14054982817869416,0.0324729195504653,0.0935028939430994,0.8594398340248962,0.06860317061339433
Senegal,1,Medio,0.11556764106050306,0.12462112380508278,0.1013745704467354,0.2308000434654725,0.10290481236922909,0.9234094052558782,0.13882923761175253
Guatemala,0,Bajo,0.07902787219578518,0.08475169037071578,0.07869415807560137,0.1927722021428801,0.07839460884215103,0.8879668049792531,0.0935260618253062
Netherlands,2,Alto,0.17760027192386132,0.16390767078573096,0.23986254295532652,0.07870200785613221,0.1737724518355479,0.886237897648686,0.09766759741441472
Ecuador,1,Medio,0.13137321549966008,0.14397295406854746,0.11134020618556702,0.24735979991302848,0.12056737588652482,0.9118257261410787,0.1198628112578945
Cambodia,0,Bajo,0.06390210740992523,0.06155280951270693,0.08247422680412372,0.10789282874277215,0.06328632374120269,0.8898686030428768,0.09434386091019362
Zimbabwe,2,Alto,0.28602991162474506,0.29598974119841454,0.3099656357388316,0.15260466097042513,0.25512893671367626,0.9567773167358229,0.1369276400748251
Guinea,0,Bajo,0.07205982324949015,0.06656563301468875,0.10171821305841924,0.08066217140680229,0.08035107741637455,0.8618603042876901,0.06668763196909114
Benin,0,Bajo,0.07715839564921823,0.08323618559104688,0.0725085910652921,0.21128405819188356,0.08790521996684873,0.8532157676348547,0.06205268741770831
Rwanda,1,Medio,0.11182868796736915,0.11599440429004432,0.11993127147766323,0.16097761754981454,0.09774190918725034,0.926521438450899,0.14555909969001304
Burundi,1,Medio,0.10791978246091095,0.11377943576591282,0.10309278350515463,0.1979045683932193,0.09861145077579414,0.9121715076071921,0.12386001168066849
Bolivia,0,Bajo,0.08072739632902788,0.0749591979482397,0.10790378006872853,0.09029328754949056,0.08127496535420235,0.8845089903181189,0.0897744877389211
Tunisia,0,Bajo,0.03874915023793338,0.0376544649102355,0.049140893470790384,0.12316607511120548,0.03855873481698867,0.8919432918395573,0.09444188050594449
South Sudan,1,Medio,0.12321549966009517,0.1283515971088832,0.12164948453608247,0.18417952330589432,0.09643759680443467,0.9674965421853388,0.2439186223722815
Haiti,1,Medio,0.10876954452753229,0.10608533457682444,0.13402061855670105,0.11326162072192289,0.11746963397733758,0.854253112033195,0.07075227997663866
Belgium,2,Alto,0.28076138681169277,0.2833993937980881,0.311340206185567,0.1401581963674724,0.2674112116518573,0.8788035961272475,0.09683023775978623
Jordan,0,Bajo,0.004928619986403806,0.004896246211238053,0.005498281786941584,0.21381873537489626,0.007635662074400154,0.8869294605809128,0.06029583539242553
Dominican Republic,0,Bajo,0.0783480625424881,0.08801585451154118,0.059106529209622,0.29611897503161405,0.07268824216733241,0.904564315352697,0.11725594141695492
United Arab Emirates,0,Bajo,0.0270224337185588,0.018768943809745864,0.03436426116838489,0.08384842383614655,0.04964539007092199,0.826417704011065,0.020877791005885257
Cuba,2,Alto,0.25577838205302517,0.2785031475868501,0.2202749140893471,0.23898662862712322,0.23839026113420833,0.9190871369294605,0.11616285392502992
Honduras,0,Bajo,0.05302515295717199,0.06166938680345069,0.04054982817869417,0.3009816834118471,0.041167359582620036,0.9272130013831258,0.21726043398176015
Czech Republic,2,Alto,0.2002039428959891,0.22569363487992541,0.1553264604810997,0.2902286912877985,0.19018504931931196,0.9023167358229598,0.10794528497958829
Sweden,2,Alto,0.19612508497620665,0.18162741897878298,0.2584192439862543,0.08356242043316517,0.20474987092742045,0.8549446749654218,0.08266319241655061
Tajikistan,0,Bajo,0.04401767505098572,0.04348332944742365,0.051202749140893476,0.14208282802899264,0.04758022879813048,0.8800138312586445,0.07548135742323199
Papua New Guinea,0,Bajo,0.025492861998640377,0.01935183026346468,0.04707903780068729,0.04037674563969562,0.02866769924730306,0.8836445366528354,0.07234826362370275
Portugal,2,Alto,0.1842284160435078,0.19899743529960365,0.18316151202749142,0.19072472854898792,0.17638107660117933,0.8981673582295988,0.10542604164021586
Azerbaijan,0,Bajo,0.029231815091774298,0.03182560037304734,0.026804123711340215,0.22768399977757342,0.036710958941333124,0.868430152143845,0.05250383785566594
Greece,0,Bajo,0.07545887151597552,0.08708323618559106,0.05773195876288661,0.3006953469940401,0.07187304692807261,0.8981673582295988,0.10715559866068715
Hungary,2,Alto,0.27413324269204625,0.2938913499650268,0.27388316151202746,0.18579649224676964,0.2619222303741746,0.9014522821576763,0.10651438134946901
Togo,1,Medio,0.12066621346023114,0.130916297505246,0.11134020618556702,0.2164909959651083,0.12089345398222874,0.8801867219917011,0.09023929033812675
Israel,0,Bajo,0.07426920462270566,0.08370249475402192,0.05738831615120276,0.28849628660994203,0.07328605200945627,0.8934993084370677,0.10030964791006733
Austria,2,Alto,0.23045547246770903,0.24667754721380278,0.2147766323024055,0.2072257261432809,0.22572756175103936,0.8915975103734439,0.1016956662750545
Belarus,2,Alto,0.3341264445955133,0.40219165306598276,0.2357388316151203,0.3606557627667756,0.32311621966794385,0.8829529737206085,0.09931280711554454
Switzerland,2,Alto,0.18592794017675052,0.1894380974586151,0.19690721649484538,0.15647700598693548,0.1922502105921035,0.8480290456431535,0.07872460732659861
Sierra Leone,0,Bajo,0.07324949014276003,0.06679878759617627,0.1027491408934708,0.0793749656194763,0.07904676503355888,0.8682572614107883,0.07230883633854626
Laos,0,Bajo,0.0756288239292998,0.07460946607600841,0.08762886597938145,0.1339488586415858,0.07382951550229615,0.8931535269709543,0.09988968257533781
Turkmenistan,1,Medio,0.15193745751189666,0.15609699230589882,0.14948453608247425,0.18016502846210924,0.12404554224069998,0.965594744121715,0.19719994987243483
Libya,0,Bajo,0.0805574439157036,0.07507577523898346,0.1027491408934708,0.1004305593674959,0.07209043232520855,0.9137275242047025,0.13398625275169593
Kyrgyzstan,1,Medio,0.143949694085656,0.15772907437631153,0.12439862542955328,0.24058053133463375,0.1276867476427271,0.9280774550484093,0.1370681522080956
Paraguay,1,Medio,0.08531611148878314,0.08685008160410354,0.08969072164948455,0.1638031985050305,0.08361185837341377,0.8926348547717842,0.09964508738038545
Nicaragua,1,Medio,0.083956492182189,0.0901142457449289,0.07903780068728523,0.20880983685086957,0.0736121301051602,0.9189142461964038,0.1436722224718091
Bulgaria,2,Alto,0.21278042148198506,0.22779202611331315,0.20756013745704469,0.19331765685898172,0.18545691693160513,0.9583333333333333,0.15306770387791713
Serbia,2,Alto,0.25713800135961934,0.26346467708090465,0.2670103092783505,0.16195727019081013,0.22523844460748346,0.9740663900414936,0.15630105859013857
El Salvador,1,Medio,0.12814411964649897,0.14140825367218468,0.12439862542955328,0.20573500646995335,0.10980679872829545,0.9344744121715075,0.15211677133360682
Republic of the Congo,1,Medio,0.14938817131203264,0.15493121939846122,0.15189003436426118,0.17356406547503167,0.12665416700633136,0.9491701244813278,0.16643086461137588
Denmark,2,Alto,0.17828008157715838,0.1757985544415948,0.20721649484536087,0.12507717120684392,0.17040297817994077,0.9059474412171507,0.11108391313311049
Singapore,1,Medio,0.11845683208701564,0.10503613896013057,0.16872852233676977,0.0652813617374248,0.13464308035107742,0.836445366528354,0.06336201087200682
Lebanon,0,Bajo,0.0027192386131883062,0.0,0.013402061855670102,0.041308136914391586,0.012744218907094915,0.8639349930843706,0.016308010243047746
Finland,2,Alto,0.2530591434398369,0.2655630683142924,0.2501718213058419,0.18285950387644762,0.24469443765115076,0.9024896265560165,0.10724192637655267
Liberia,1,Medio,0.0999320190346703,0.09547680111914199,0.12233676975945017,0.1112948646725658,0.08355751202412978,0.9334370677731673,0.16744687542117795
Norway,2,Alto,0.18524813052345343,0.17743063651200747,0.22542955326460484,0.1077053002945208,0.1813809407353061,0.8940179806362378,0.10270460015792506
Slovakia,2,Alto,0.19646498980285518,0.23467008626719515,0.11993127147766323,0.42304538555584353,0.18773946360153257,0.9002420470262793,0.10666759735777782
Palestine,0,Bajo,0.0,0.0006994637444625793,0.0003436426116838493,0.2647235021337337,0.0,0.8961791147994467,0.10489993898807151
Central African Republic,2,Alto,0.18456832087015634,0.2044765679645605,0.15567010309278353,0.2526033195721057,0.1812722480367381,0.8846818810511756,0.09696050597237181
Oman,0,Bajo,0.004418762746430998,0.0036138960130566566,0.001030927835051548,0.31498553193854534,0.025352571940979864,0.829356846473029,0.0
Ireland,1,Medio,0.1296736913664174,0.14595476801119142,0.10103092783505156,0.2870074303805293,0.13279530447542184,0.87551867219917,0.08767521002740464
New Zealand,2,Alto,0.17895989123045547,0.18407554208440197,0.18453608247422681,0.1664677258486349,0.1698595146871009,0.9014522821576763,0.10777009503816638
Mauritania,0,Bajo,0.04707681849082256,0.044299370482629996,0.06391752577319589,0.09940084527575008,0.04230863291758376,0.9038727524204702,0.1232209081067607
Costa Rica,1,Medio,0.15414683888511216,0.1887386337141525,0.08694158075601376,0.47330413506931174,0.13371919241324964,0.9263485477178423,0.13258390696730243
Kuwait,0,Bajo,0.020224337185588033,0.021799953369083705,0.015463917525773198,0.27122800010847403,0.02524387924241189,0.8800138312586445,0.061690660577434
Panama,0,Bajo,0.07647858599592115,0.08906505012823504,0.048109965635738834,0.38065661309528215,0.060895084372707284,0.9372406639004148,0.21244564383875722
Croatia,2,Alto,0.22994561522773624,0.24632781534157147,0.22199312714776634,0.1964551395142326,0.23165131382299395,0.8599585062240663,0.08721547546128232
Georgia,1,Medio,0.1335825968728756,0.15609699230589882,0.09896907216494846,0.32148445144160925,0.13214314828401402,0.8864107883817427,0.0960080631771809
Eritrea,1,Medio,0.15091774303195105,0.15166705525763582,0.16116838487972512,0.1519050051971051,0.15116437053340942,0.8746542185338865,0.08902202634456487
Mongolia,2,Alto,0.23470428280081576,0.28561436232221965,0.11924398625429554,0.5390511355511645,0.25056384337382137,0.8388658367911479,0.07962380918797268
Uruguay,2,Alto,0.34891230455472466,0.4130333411051527,0.23814432989690726,0.36849858392990215,0.32735523491209484,0.8979944674965421,0.10473312893576224
Puerto Rico,1,Medio,0.10740992522093813,0.1340638843553276,0.06013745704467354,0.47794411867156344,0.10352979538599495,0.8956604426002766,0.10358435736224968
Bosnia and Herzegovina,1,Medio,0.16859279401767502,0.18920494287712755,0.13711340206185568,0.2704092521116536,0.1673595826200375,0.8926348547717842,0.10162428886614669
Qatar,0,Bajo,0.05149558123725357,0.045465143390067624,0.0161512027491409,0.518145501149591,0.06067769897557132,0.8616874135546334,0.05873021528680378
Moldova,2,Alto,0.24031271244051663,0.29494054558172067,0.14123711340206188,0.4603009242313684,0.22871661096165863,0.8998962655601659,0.10602452940383665
Namibia,2,Alto,0.18337865397688646,0.2197481930519935,0.11374570446735395,0.4158044315470239,0.16632700198364175,0.9284232365145227,0.12951091716405227
Armenia,0,Bajo,0.08072739632902788,0.08953135929121007,0.07353951890034365,0.22873550104398177,0.06578625580826608,0.9346473029045642,0.19330281112032316
Lithuania,2,Alto,0.46108089734874236,0.5686640242480765,0.30137457044673543,0.4118814938004059,0.43343930871443714,0.9273858921161825,0.1132074692246401
Jamaica,0,Bajo,0.011046906866077498,0.014688738633714152,0.004810996563573885,0.41550959154816886,0.01562457541914622,0.8793222683264177,0.05066489959117659
Albania,0,Bajo,0.05642420122365737,0.047796689204942885,0.08969072164948455,0.051483259250493685,0.05486263960218472,0.8926348547717842,0.09790447971398032
Gambia,0,Bajo,0.08157715839564922,0.08078806248542784,0.09690721649484536,0.12806650141442938,0.07410124724871606,0.9095781466113415,0.12551102924659688
Gabon,1,Medio,0.1510876954452753,0.18116110981580788,0.09690721649484536,0.39731519161882517,0.13893644194451238,0.9180497925311203,0.12401725144885213
Botswana,1,Medio,0.15193745751189666,0.16961995803217536,0.12164948453608247,0.2741245343628506,0.18072878454389826,0.7857883817427385,0.051707467619350835
Lesotho,2,Alto,0.3363358259687288,0.3657029610631849,0.3082474226804124,0.21704490047422925,0.6054998505475395,0.0,0.00949283907508762
Guinea-Bissau,1,Medio,0.13103331067301155,0.13476334809979018,0.14226804123711342,0.15441073242698872,0.1181761365180294,0.9218533886583679,0.13216227144076553
Slovenia,2,Alto,0.2777022433718559,0.31277687106551644,0.20859106529209626,0.3034747891261036,0.28078041357571815,0.8497579529737206,0.08617011573119214
Equatorial Guinea,1,Medio,0.10384092454112849,0.10620191186756821,0.08762886597938145,0.22672354028130326,0.10502431999130461,0.8786307053941907,0.08716144401269063
Latvia,2,Alto,0.31679129843643783,0.3904173467008627,0.20927835051546392,0.40382203863581007,0.3039863047199805,0.8843360995850622,0.09957937523845796
North Macedonia,1,Medio,0.12117607070020396,0.1154115178363255,0.14914089347079038,0.10743801231350394,0.12469769843210783,0.8703319502074688,0.08311149303222315
Bahrain,0,Bajo,0.05948334466349422,0.05642340871998135,0.03539518900343643,0.3160748019343153,0.08241623868916607,0.8162171507607192,0.03548419500558035
Trinidad and Tobago,2,Alto,0.22161794697484705,0.25681977150851015,0.14089347079037803,0.38912202590064265,0.18545691693160513,0.9846127247579529,0.18177846698197242
Timor-Leste,0,Bajo,0.05608429639700884,0.05176031709023084,0.0752577319587629,0.09466614544473922,0.05160185864514552,0.9026625172890732,0.11761291818796647
Estonia,2,Alto,0.24490142760027192,0.2853812077407321,0.1900343642611684,0.3038843733024105,0.23284693350724164,0.9011065006915628,0.10661851280426195
Cyprus,0,Bajo,0.055404486743711755,0.06178596409419447,0.04707903780068729,0.25303877523300256,0.050677970707317735,0.9036998616874135,0.12019108375638317
Mauritius,2,Alto,0.17301155676410607,0.19619958032175336,0.1302405498281787,0.3040844617608299,0.1595337083231434,0.9213347164591977,0.12434662738431054
Eswatini,2,Alto,0.2997960571040109,0.3496152949405456,0.20137457044673543,0.3681513554820805,0.3498002771663814,0.7062586445366529,0.0547194393279123
Djibouti,0,Bajo,0.08242692046227057,0.07565866169270227,0.1013745704467354,0.10471285195512131,0.10067661204858563,0.8274550484094052,0.049426636416730306
Fiji,1,Medio,0.13783140720598233,0.12905106085334578,0.17697594501718217,0.09375665169675138,0.13355615336539767,0.8941908713692945,0.1024334726028423
Comoros,1,Medio,0.09381373215499661,0.07740732105385872,0.15429553264604814,0.03373913772802767,0.08507920980408142,0.911652835408022,0.12606136843523966
Guyana,2,Alto,0.5180149558123726,0.6016553975285615,0.3439862542955327,0.37402556557929756,0.5485992228472053,0.7397994467496543,0.07441961469400896
Solomon Islands,2,Alto,0.29724677090414686,0.30380041967824667,0.29690721649484536,0.17173973913912344,0.2673568653025733,0.9578146611341631,0.13612471359899367
Bhutan,1,Medio,0.0844663494221618,0.07449288878526464,0.11993127147766323,0.06933112893473958,0.0748077497894079,0.9159751037344398,0.1370681522080956
Luxembourg,1,Medio,0.1400407885791978,0.14059221263697833,0.1525773195876289,0.14698385524919338,0.14632754544713458,0.8566735822959889,0.07739774743595806
Montenegro,2,Alto,0.2493201903467029,0.2633480997901609,0.24158075601374576,0.19084908789128713,0.27713920817369103,0.8001383125864453,0.06914057235275617
Suriname,2,Alto,0.38783140720598236,0.42247610165539756,0.3378006872852234,0.23486573749153966,0.39045134643080354,0.864972337482711,0.09468770130316218
Malta,0,Bajo,0.07104010876954453,0.08020517603170904,0.053264604810996576,0.2995313561607225,0.07497078883725987,0.8763831258644535,0.07936373498581159
Maldives,0,Bajo,0.02447314751869477,0.025064117509909077,0.004810996563573885,0.6128619732817677,0.02562430368739981,0.8877939142461964,0.08056666217410186
Cape Verde,2,Alto,0.24269204622705645,0.2853812077407321,0.13676975945017186,0.45940251862070497,0.22094508301404855,0.9334370677731673,0.1261637571214988
Brunei,0,Bajo,0.05557443915703602,0.0581720680811378,0.04742268041237114,0.2327817710077767,0.04758022879813048,0.919432918395574,0.17008850352666333
Belize,0,Bajo,0.07324949014276003,0.08976451387269761,0.03573883161512029,0.5210201387503681,0.0809488872584984,0.86134163208852,0.06665574108652994
Bahamas,0,Bajo,0.031101291638341258,0.04161809279552344,0.010996563573883162,0.6219463344561669,0.03475449036710958,0.8807053941908713,0.07046138640549889
Iceland,2,Alto,0.19901427600271923,0.21520167871298673,0.165979381443299,0.24798678219872933,0.18578299502730902,0.9062932226832641,0.11059637476447068
Vanuatu,2,Alto,0.2639360978925901,0.2778036838423875,0.24570446735395193,0.2019922028739896,0.26279177196271847,0.8668741355463346,0.09164682450544347
Barbados,0,Bajo,0.06611148878314073,0.08207041268360925,0.03642611683848798,0.4641628885651103,0.04203690117116382,0.9664591977869985,1.0
Sao Tome and Principe,0,Bajo,0.0062882392929979585,0.006878060153882025,0.007560137457044676,0.20655827985961334,0.007907393820820088,0.8900414937759336,0.07322880632553122
Samoa,2,Alto,0.1937457511896669,0.18570762415481465,0.22852233676975947,0.11465209922012021,0.18871769788864431,0.8888312586445366,0.09964508738038545
Saint Lucia,1,Medio,0.10180149558123726,0.13033341105152718,0.02989690721649485,0.9051663796466287,0.10399173935490884,0.8765560165975103,0.08515514418573966
Guam,2,Alto,0.2770224337185588,0.3258335276288179,0.15154639175257734,0.47788045805754936,0.2760251080133692,0.8852869986168741,0.09938522657174079
Kiribati,2,Alto,0.2805914343983685,0.3369083702494754,0.16219931271477664,0.4590810113391223,0.32969212793130626,0.7057399723374826,0.05266206689413119
Seychelles,1,Medio,0.08480625424881033,0.10188855211004898,0.028522336769759453,0.7309751268717581,0.1024156952256732,0.8558091286307054,0.06605401394026218
Grenada,0,Bajo,0.06543167912984364,0.07157845651667057,0.05154639175257733,0.27122800010847403,0.041602130376891935,0.9640387275242046,0.8455905476436496
Micronesia,2,Alto,0.32953772943575804,0.3443693168570762,0.3058419243986254,0.20024413090587295,0.359800005434635,0.7572614107883817,0.06643738655079036
Tonga,0,Bajo,0.06560163154316791,0.05584052226626254,0.1034364261168385,0.05042878789040012,0.058340805956359876,0.9106154910096818,0.1332447431080509
Saint Vincent and the Grenadines,1,Medio,0.09194425560842966,0.11669386803450688,0.02302405498281787,1.0,0.05969946468845956,0.9858229598893499,0.7895502942629947
Antigua and Barbuda,0,Bajo,0.01019714479945615,0.015388202378176735,0.0,0.6875158704918558,0.005135730007336758,0.9130359612724757,0.42764724381149194
United States Virgin Islands,1,Medio,0.10605030591434399,0.1349965026812777,0.04467353951890035,0.6525541938776265,0.11094807206325917,0.8864107883817427,0.0942898078877347
Andorra,1,Medio,0.1208361658735554,0.1287013289811145,0.1034364261168385,0.23465739367043242,0.11624684111844787,0.8958333333333333,0.10379717203701498
Dominica,0,Bajo,0.05863358259687288,0.07321053858708325,0.020274914089347083,0.6922663465408234,0.05592239341322247,0.8965248962655601,0.10483306489234752
Bermuda,0,Bajo,0.05455472467709042,0.06854744695733271,0.027835051546391758,0.4950178898880538,0.05021602673840386,0.8984266943291839,0.10867321975127271
Greenland,2,Alto,1.0,1.0,1.0,0.1630409419571806,1.0,0.8530428769017979,0.0987526358737021
Saint Kitts and Nevis,0,Bajo,0.03518014955812372,0.044066215901142465,0.01512027491408935,0.5284193659745582,0.03342300480965191,0.8965248962655601,0.10521666288310544
American Samoa,1,Medio,0.12338545207341943,0.1257868967125204,0.12474226804123713,0.17162477157924405,0.12187168826934051,0.8924619640387275,0.10068572875527364
Northern Mariana Islands,2,Alto,0.2516995241332427,0.2737234786663558,0.18041237113402064,0.3079696238036289,0.22214070269829625,0.9166666666666666,0.11496286146427662
Monaco,2,Alto,0.2488103331067301,0.2349032408486827,0.32783505154639175,0.0859489617609161,0.23942284177060405,0.8954011065006915,0.10370606374780914
Marshall Islands,2,Alto,0.3273283480625425,0.3244346001398928,0.3556701030927835,0.14022191413835167,0.3146653623542839,0.8954875518672198,0.10381752197622274
San Marino,1,Medio,0.11573759347382732,0.1283515971088832,0.10240549828178694,0.23705955495457887,0.11453493111600228,0.8924619640387275,0.10049176305522052
Palau,2,Alto,0.24150237933378652,0.18582420144555845,0.4154639175257732,0.009268400074924216,0.2321676041411918,0.8956604426002766,0.10382788512983039
Cook Islands,1,Medio,0.14259007477906185,0.1539986010725111,0.12542955326460484,0.22989562057278223,0.15692508355751203,0.8748271092669432,0.08842663468882075
Nauru,2,Alto,0.386981645139361,0.39554674749358826,0.39484536082474225,0.16500441740648042,0.37221814624602595,0.8951417704011064,0.10374004925681929
Tuvalu,2,Alto,0.2669952413324269,0.2635812543716484,0.28384879725085915,0.14561368232759486,0.25719409798646775,0.8950553250345781,0.10356895591572383
Tokelau,2,Alto,0.25577838205302517,0.2140359058055491,0.40103092783505156,0.03372416303079978,0.24643352082823836,0.8950553250345781,0.10354906682304221
Niue,2,Alto,0.2516995241332427,0.22662625320587554,0.35085910652920965,0.06587524340071074,0.24186842748838347,0.8957468879668049,0.10387857423318667
